﻿<Advertisements>
  <Ad>
    <ImageUrl>~/image/HUL-09-Independence-Day_BB_1600x460.jpg</ImageUrl>
      <NavigateUrl>http://www.1800flowers.com</NavigateUrl>
      <AlternateText>
         Order flowers, roses, gifts and more
      </AlternateText>
      <Impressions>20</Impressions>
      <Keyword>flowers</Keyword>
  </Ad>
  <Ad>
    <ImageUrl>~/image/Web-HP-Britannia-10augsut18.jpg</ImageUrl>
      <NavigateUrl>http://www.1800flowers.com</NavigateUrl>
      <AlternateText>
         Order flowers, roses, gifts and more
      </AlternateText>
      <Impressions>20</Impressions>
      <Keyword>flowers</Keyword>
  </Ad>
  <Ad>
    <ImageUrl>~/image/Web-HP-Yipee-14aug18.jpg</ImageUrl>
      <NavigateUrl>http://www.1800flowers.com</NavigateUrl>
      <AlternateText>
         Order flowers, roses, gifts and more
      </AlternateText>
      <Impressions>20</Impressions>
      <Keyword>flowers</Keyword>
  </Ad>
</Advertisements>
